Number of PCs/Covariates,BIC (larger is better) - Schwarz 1978,log Likelihood Function Value
0,-673.733014991536,-665.456835646838
1,-675.901542411807,-664.866636618878
2,-678.007384291713,-664.213752050552
3,-680.716057388393,-664.163698698998
4,-683.340067937054,-664.028982799428
5,-682.107550910022,-660.037739324163
