Number of PCs/Covariates,BIC (larger is better) - Schwarz 1978,log Likelihood Function Value
0,-1206.84294864937,-1198.39613097664
1,-1208.26830113907,-1197.00587757542
2,-1207.32753098265,-1193.2495015281
3,-1209.90072176083,-1193.00708641536
4,-1212.58984456388,-1192.88060332751
5,-1215.41636381131,-1192.89151668402
