Number of PCs/Covariates,BIC (larger is better) - Schwarz 1978,log Likelihood Function Value
0,-803.420848942497,-794.990247643922
1,-799.636048750997,-788.395247019563
2,-792.96917736869,-778.918175204397
3,-795.769592531977,-778.908389934826
4,-798.259923215311,-778.588520185301
5,-800.84324089623,-778.361637433361
