Number of PCs/Covariates,BIC (larger is better) - Schwarz 1978,log Likelihood Function Value
0,-1205.3809493068,-1196.93413163407
1,-1207.00512375841,-1195.74270019476
2,-1205.09029316498,-1191.01226371043
3,-1207.80279873015,-1190.90916338468
4,-1210.2516474058,-1190.54240616943
5,-1212.94809083723,-1190.42324370994
