Number of PCs/Covariates,BIC (larger is better) - Schwarz 1978,log Likelihood Function Value
0,-674.125370978424,-665.849191633727
1,-676.114231168522,-665.079325375593
2,-677.941993822206,-664.148361581044
3,-680.570449623378,-664.018090933984
4,-682.534691271906,-663.22360613428
5,-682.040157708265,-659.970346122407
