Number of PCs/Covariates,BIC (larger is better) - Schwarz 1978,log Likelihood Function Value
0,-802.520858614231,-794.090257315655
1,-799.310060532789,-788.069258801354
2,-792.033607530607,-777.982605366314
3,-794.841553383182,-777.980350786031
4,-797.364857062354,-777.693454032344
5,-799.67171706228,-777.190113599412
