Number of PCs/Covariates,BIC (larger is better) - Schwarz 1978,log Likelihood Function Value
0,-673.726489098133,-665.450309753436
1,-675.784862697478,-664.749956904549
2,-677.693886116657,-663.900253875495
3,-680.400166387697,-663.847807698303
4,-682.731756871477,-663.420671733851
5,-681.449578992809,-659.37976740695
