Number of PCs/Covariates,BIC (larger is better) - Schwarz 1978,log Likelihood Function Value
0,-1205.27424850433,-1196.8274308316
1,-1206.81529944917,-1195.55287588553
2,-1205.82553207095,-1191.7475026164
3,-1208.59526038439,-1191.70162503892
4,-1211.34132903481,-1191.63208779844
5,-1214.15219211099,-1191.6273449837
