Number of PCs/Covariates,BIC (larger is better) - Schwarz 1978,log Likelihood Function Value
0,-803.78542562828,-795.354824329705
1,-800.695682444563,-789.454880713129
2,-794.008501160351,-779.957498996058
3,-796.818985179197,-779.957782582045
4,-799.404185267065,-779.732782237055
5,-802.18818919006,-779.706585727191
