Number of PCs/Covariates,BIC (larger is better) - Schwarz 1978,log Likelihood Function Value
0,-674.116591034757,-665.84041169006
1,-676.103442472262,-665.068536679333
2,-678.157500263516,-664.363868022354
3,-680.914015538769,-664.361656849375
4,-683.419253145891,-664.108168008265
5,-682.219904283052,-660.150092697193
