Number of PCs/Covariates,BIC (larger is better) - Schwarz 1978,log Likelihood Function Value
0,-1204.60799884782,-1196.16118117509
1,-1206.28374651689,-1195.02132295325
2,-1205.05396929787,-1190.97593984332
3,-1207.79401952719,-1190.90038418173
4,-1210.44063030536,-1190.73138906899
5,-1213.2634599115,-1190.73861278422
