Number of PCs/Covariates,BIC (larger is better) - Schwarz 1978,log Likelihood Function Value
0,-803.198048480849,-794.767447182273
1,-800.349854282826,-789.109052551392
2,-793.529437544361,-779.478435380069
3,-796.341648433886,-779.480445836734
4,-798.906697108752,-779.235294078742
5,-801.565621223043,-779.084017760174
