Number of PCs/Covariates,BIC (larger is better) - Schwarz 1978,log Likelihood Function Value
0,-800.999098949536,-792.568497650961
1,-797.731089316582,-786.490287585147
2,-791.083861499424,-777.032859335132
3,-793.891592619417,-777.030390022266
4,-796.61667391504,-776.94527088503
5,-799.061647706701,-776.580044243833
