Number of PCs/Covariates,BIC (larger is better) - Schwarz 1978,log Likelihood Function Value
0,-674.048500203993,-665.772320859296
1,-676.198015294874,-665.163109501945
2,-677.94832098434,-664.154688743178
3,-680.644497868664,-664.092139179269
4,-681.703928525431,-662.392843387804
5,-681.758101122135,-659.688289536276
