Number of PCs/Covariates,BIC (larger is better) - Schwarz 1978,log Likelihood Function Value
0,-1202.81922480336,-1194.37240713063
1,-1204.4433494144,-1193.18092585076
2,-1202.78301836437,-1188.70498890981
3,-1205.3666330058,-1188.47299766034
4,-1208.05363386431,-1188.34439262794
5,-1210.7104396777,-1188.18559255041
