Number of PCs/Covariates,BIC (larger is better) - Schwarz 1978,log Likelihood Function Value
0,-801.358363492425,-792.927762193849
1,-798.555101659636,-787.314299928202
2,-790.713102905971,-776.662100741678
3,-793.51540877467,-776.654206177518
4,-796.228114979154,-776.556711949144
5,-798.991281920976,-776.509678458108
