Number of PCs/Covariates,BIC (larger is better) - Schwarz 1978,log Likelihood Function Value
0,-1204.45285425884,-1196.00603658611
1,-1206.06092140844,-1194.7984978448
2,-1204.36196108989,-1190.28393163534
3,-1207.07545561676,-1190.1818202713
4,-1209.82981941721,-1190.12057818083
5,-1212.6523403389,-1190.12749321161
