Number of PCs/Covariates,BIC (larger is better) - Schwarz 1978,log Likelihood Function Value
0,-674.935753241892,-666.659573897195
1,-677.118738067956,-666.083832275026
2,-679.263023494466,-665.469391253304
3,-681.99648573092,-665.444127041526
4,-684.572537499643,-665.261452362016
5,-682.369098356553,-660.299286770694
