Number of PCs/Covariates,BIC (larger is better) - Schwarz 1978,log Likelihood Function Value
0,-802.310186183589,-793.879584885013
1,-799.292455733604,-788.05165400217
2,-792.31687333439,-778.265871170097
3,-795.127844202059,-778.266641604907
4,-797.056246722872,-777.384843692862
5,-799.645198129442,-777.163594666573
