Number of PCs/Covariates,BIC (larger is better) - Schwarz 1978,log Likelihood Function Value
0,-672.380927873908,-664.104748529211
1,-674.626138023535,-663.591232230606
2,-676.995370908454,-663.201738667293
3,-679.722436447327,-663.170077757933
4,-682.358877598324,-663.047792460697
5,-679.9994208829,-657.929609297041
