Number of PCs/Covariates,BIC (larger is better) - Schwarz 1978,log Likelihood Function Value
0,-1205.9357872647,-1197.48896959197
1,-1207.61892282792,-1196.35649926428
2,-1206.66009012038,-1192.58206066582
3,-1209.44252890062,-1192.54889355515
4,-1211.71224443439,-1192.00300319801
5,-1214.53032275003,-1192.00547562274
