Number of PCs/Covariates,BIC (larger is better) - Schwarz 1978,log Likelihood Function Value
0,-1204.59627077251,-1196.14945309978
1,-1206.21215442007,-1194.94973085643
2,-1204.88628512289,-1190.80825566834
3,-1207.69489717916,-1190.80126183369
4,-1210.40486114761,-1190.69561991124
5,-1213.22155257131,-1190.69670544402
