Number of PCs/Covariates,BIC (larger is better) - Schwarz 1978,log Likelihood Function Value
0,-800.911064306454,-792.480463007878
1,-797.521347121859,-786.280545390424
2,-790.54968359617,-776.498681431877
3,-793.338359726947,-776.477157129796
4,-796.007089662926,-776.335686632916
5,-798.533259933659,-776.05165647079
