Number of PCs/Covariates,BIC (larger is better) - Schwarz 1978,log Likelihood Function Value
0,-673.246334007132,-664.970154662435
1,-675.333475900233,-664.298570107303
2,-677.452222247692,-663.658590006531
3,-680.196387061199,-663.644028371805
4,-682.710682999844,-663.399597862218
5,-680.910981952256,-658.841170366397
