Number of PCs/Covariates,BIC (larger is better) - Schwarz 1978,log Likelihood Function Value
0,-672.639598422297,-664.3634190776
1,-674.620212521087,-663.585306728157
2,-676.57537455377,-662.781742312608
3,-679.298665607645,-662.746306918251
4,-681.722327254247,-662.41124211662
5,-679.995936101838,-657.926124515979
