Number of PCs/Covariates,BIC (larger is better) - Schwarz 1978,log Likelihood Function Value
0,-1205.0308169508,-1196.58399927807
1,-1206.58248969545,-1195.3200661318
2,-1205.18848685192,-1191.11045739737
3,-1207.93341027612,-1191.03977493066
4,-1210.49721766699,-1190.78797643062
5,-1213.26906644347,-1190.74421931618
