Number of PCs/Covariates,BIC (larger is better) - Schwarz 1978,log Likelihood Function Value
0,-801.878635227357,-793.448033928781
1,-798.587019435247,-787.346217703812
2,-791.513407415623,-777.462405251331
3,-794.325110308935,-777.463907711784
4,-796.847010058804,-777.175607028794
5,-799.176535416291,-776.694931953422
