Number of PCs/Covariates,BIC (larger is better) - Schwarz 1978,log Likelihood Function Value
0,-674.333586708989,-666.057407364292
1,-676.607419844376,-665.572514051447
2,-678.831250418626,-665.037618177464
3,-681.524735128077,-664.972376438683
4,-680.488237418219,-661.177152280593
5,-682.522742472234,-660.452930886375
