Number of PCs/Covariates,BIC (larger is better) - Schwarz 1978,log Likelihood Function Value
0,-1204.9798132456,-1196.53299557287
1,-1206.5731843189,-1195.31076075526
2,-1204.83214994971,-1190.75412049516
3,-1207.63162569031,-1190.73799034484
4,-1210.40288650185,-1190.69364526548
5,-1213.09133544494,-1190.56648831765
