Number of PCs/Covariates,BIC (larger is better) - Schwarz 1978,log Likelihood Function Value
0,-801.444413363907,-793.013812065332
1,-798.355919347043,-787.115117615608
2,-790.573221829799,-776.522219665506
3,-793.36878624444,-776.507583647288
4,-795.702815306382,-776.031412276372
5,-798.360873356163,-775.879269893295
